% Good health,% employment,% No qualifications,% Activities limited,% No cars in household
4835.0,4835.0,4835.0,4835.0,4835.0
83.84082730093071,62.39836608066184,6.757042399172699,17.836297828335056,40.02537745604964
4.081806224499657,8.532787127487694,2.3255194012039806,7.327889206703341,18.518410123035082
67.2,15.9,0.7,1.0,2.7
81.1,57.0,5.2,12.6,24.6
83.8,63.1,6.6,17.6,38.7
86.5,68.2,8.2,22.8,55.3
96.9,86.8,18.0,43.3,86.3
